,coefficient,word
0,-1.6481003676081092,hope
1,-1.5796959917287363,love
2,-1.5226699219276358,would
3,-1.3800647912087847,ca
4,-1.2722039321313112,go
5,-1.205617318368601,na
6,-1.1817182710639917,pray
7,-1.1381487239122472,bad
8,-1.1253555290893436,everyone
9,-1.066831329598544,name
10,-1.054530333539691,gon
11,-1.0413338161262882,fuck
12,-1.021479899740959,god
13,-0.9887874142953681,make
14,-0.9329752804258461,real_liam_payne
15,-0.9236283898920513,affect
16,-0.9189192740037669,even
17,-0.9172048815189016,little
18,-0.9041812189706849,get
19,-0.8926452314065303,hurricane
20,-0.8846018937342303,halloween
21,-0.8755582106902222,path
22,-0.8667968164104357,thank
23,-0.8650637704946865,think
24,-0.8432124473754826,stop
25,-0.7979858541157874,lt
26,-0.7793599502938223,real
27,-0.7624253307719081,know
28,-0.7606710356168332,bring
29,-0.760347904245011,school
30,-0.7595830529826263,talk
31,-0.7489541459219016,chill
32,-0.7383775595089878,like
33,-0.7280486650876733,bitch
34,-0.7197309414376394,lol
35,-0.7111027345233777,want
36,-0.7010354906595787,kind
37,-0.6960321856168129,safe
38,-0.6757196346767081,thoughts
39,-0.6706162615084267,world
40,-0.6657028568769885,house
41,-0.6541577149944485,follow
42,-0.6530433324867123,away
43,-0.6432847758119195,irene
44,-0.6424029426625001,outside
45,-0.6312216333399553,end
46,-0.6245281847450385,hate
47,-0.6202370720993504,blow
48,-0.6164370585019405,im
49,-0.6061470289778212,hear
50,-0.6035531021850002,another
51,-0.594041094403063,beautiful
52,-0.592284126214067,prayers
53,-0.5890290350732919,meet
54,-0.5859164542005276,bout
55,-0.577650336361637,stick
56,-0.5745396491045145,stay
57,-0.5716782662726511,ass
58,-0.5710679260836908,favorite
59,-0.5703713911036531,hop
60,-0.5702237657200808,something
61,-0.5629233634281027,girls
62,-0.5589268559815249,jesus
63,-0.5588602092149374,godspeed
64,-0.5580929844999126,spend
65,-0.5517360892585198,ones
66,-0.5512850212378644,worry
67,-0.5415494125141002,definitely
68,-0.5354794756459608,everything
69,-0.5268789995166997,feel
70,-0.5219807421337116,complain
71,-0.5202396423201436,beat
72,-0.515200707699328,take
73,-0.5130543433623516,devastate
74,-0.5108362644383188,hearts
75,-0.506809533745541,tomorrow
76,-0.505424470795065,friends
77,-0.5009257420223336,bed
78,-0.49261355081985525,bore
79,-0.4885398237159584,someone
80,-0.48650001007601057,let
81,-0.4815624257085005,temper
82,-0.4805778166403725,maybe
83,-0.48054974674285567,really
84,-0.48033463227922424,okay
85,-0.47964995476070255,suffer
86,-0.4795673087412229,everybody
87,-0.47455402492433574,honest
88,-0.47338438845161723,later
89,-0.4732648704987526,tweet
90,-0.47265790523918993,half
91,-0.4671751167264691,good
92,-0.46112632862680986,ai
93,-0.4578669176882023,much
94,-0.45214339639773526,post
95,-0.45098242386149245,better
96,-0.45002174138696455,ima
97,-0.44958295749707733,weep
98,-0.44947861786432924,safety
99,-0.4423299105338256,dont
100,-0.4376484890638134,sure
101,-0.43630217358972306,east
102,-0.4352523898122949,american
103,-0.4344988961000458,scar
104,-0.43426587596244864,psat
105,-0.4331860276439357,bet
106,-0.431791444989588,candle
107,-0.43175555582287467,year
108,-0.42844871581132504,fuuuuck
109,-0.4283659792515542,survive
110,-0.4279056392144957,clearly
111,-0.4258590997646131,lucky
112,-0.425523151842834,godblessyou
113,-0.42408321073768024,son
114,-0.4235656053421421,wan
115,-0.4196039009732279,sound
116,-0.4179752884464248,tell
117,-0.4170202330438161,ruin
118,-0.4150153248802519,wonder
119,-0.4103521992296902,families
120,-0.41031185714317536,bank
121,-0.40992077968911383,lodge
122,-0.40969071403273954,shout
123,-0.40949611493263255,business
124,-0.4081283951889665,extend
125,-0.4070172014146834,wall
126,-0.4056477852397771,remember
127,-0.4038678943829136,believe
128,-0.4024126564266128,shit
129,-0.39991459526911394,sorry
130,-0.3997955011522494,bike
131,-0.3987510469239397,oh
132,-0.397977846781921,actually
133,-0.39756002622088776,guy
134,-0.397409495455419,win
135,-0.39653525765423736,level
136,-0.3929186507269934,terrify
137,-0.3875450808098277,friend
138,-0.3873710175666686,remind
139,-0.38708797068625694,pyroxl
140,-0.3865309986095336,miss
141,-0.3831874040972639,aussie
142,-0.3831874040972639,chat
143,-0.3831874040972639,sarah
144,-0.3824320849563005,ows
145,-0.38126620374333037,nights
146,-0.3778177607805093,somebody
147,-0.3760267819899541,sea
148,-0.37588902223413595,unique
149,-0.3727585454437809,brave
150,-0.36893631634154744,mother
151,-0.36522524645689797,ritaora
152,-0.3637489239382997,course
153,-0.3627974855108069,begin
154,-0.3620318810266189,plz
155,-0.35721610077336413,codysimpson
156,-0.35632581296821797,merica
157,-0.35632581296821797,none
158,-0.355687875509563,force
159,-0.35254931323141636,seriously
160,-0.35178135868218396,support
161,-0.35101965538085594,gross
162,-0.35101965538085594,incompetance
163,-0.35101965538085594,sign
164,-0.35101965538085594,symbol
165,-0.34782665048683953,wo
166,-0.34654503441882883,right
167,-0.3453887483988056,throw
168,-0.34521192411906604,tho
169,-0.3448728330874672,electricity
170,-0.3448728330874672,flash
171,-0.34438350880147117,tonight
172,-0.3441697034998986,test
173,-0.344143410463835,cozy
174,-0.344143410463835,relaxin
175,-0.34158758341817624,sotsoy
176,-0.34158758341817624,yeah
177,-0.33930859925077045,thing
178,-0.337455570836045,baratunde
179,-0.337455570836045,dayaftertomorrow
180,-0.337455570836045,frankentunde
181,-0.33744777132619613,jog
182,-0.33744777132619613,wrong
183,-0.33569130773186107,endogoddess
184,-0.33523281612155464,liam
185,-0.3334199252773472,nerve
186,-0.3319662526206724,neighbor
187,-0.33166843227281306,especially
188,-0.3307316665333382,bless
189,-0.33040151250970573,dad
190,-0.33040151250970573,mom
191,-0.33001132785279486,sfo
192,-0.3271139775555991,cooped
193,-0.3266714656008726,medicinal
194,-0.3263906438559819,wish
195,-0.3260293099716771,front
196,-0.32530243481279786,hell
197,-0.3240126004266437,alot
198,-0.3238101051917214,uh
199,-0.32310076902219464,mind
200,-0.3223281775230861,bake
201,-0.3207944501155978,rest
202,-0.3195263775841699,family
203,-0.3185089125924233,must
204,-0.31841060865334764,pile
205,-0.31841060865334764,toothpicks
206,-0.3173359297286322,wit
207,-0.3168403615338552,scold
208,-0.31284131419783956,bhammag
209,-0.31284131419783956,see_clair_write
210,-0.3120092337640106,back
211,-0.3116933399304687,perfect
212,-0.3116695766504575,seek
213,-0.3111365491212992,bite
214,-0.3096728157545602,heynowken
215,-0.3096728157545602,replichel
216,-0.3095901207374211,day
217,-0.3092639706054763,us
218,-0.3089072588073029,today
219,-0.30890717189990236,sort
220,-0.3071492673102303,bro
221,-0.30674541877070205,smchat
222,-0.30674541877070205,usguys
223,-0.30531256818301655,hit
224,-0.3032846962171031,wait
225,-0.3028207858508899,delivery
226,-0.30158855436087023,horrible
227,-0.30158855436087023,privatize
228,-0.30158855436087023,propose
229,-0.298252185480514,rip
230,-0.298242367141506,pr
231,-0.29748787001563815,crib
232,-0.2974539342844299,calm
233,-0.2974539342844299,guess
234,-0.2973050452202792,sandra
235,-0.2961097333989219,coffee
236,-0.2961097333989219,tittytuesday
237,-0.2958818612995485,shutupsimba
238,-0.29309807223006235,fake
239,-0.2926702943188233,party
240,-0.29233024099827176,almighty
241,-0.29233024099827176,evan
242,-0.29149804188722733,cut
243,-0.29149804188722733,officially
244,-0.29117496069574317,omg
245,-0.29087632358958243,trash
246,-0.2907748039406568,whitefolkprobs
247,-0.28919004840958223,pump
248,-0.28919004840958223,somethingexciting
249,-0.28885175954322506,goodbyeworld
250,-0.2854689319990697,fleshlight
251,-0.28356927003641513,morgan
252,-0.28356927003641513,smile
253,-0.28356927003641513,stormportrait
254,-0.2827716153750612,picture
255,-0.2817156280681199,ways
256,-0.2817156280681199,yasi
257,-0.2812581359111051,dinner
258,-0.28069850101917304,commute
259,-0.28069850101917304,detour
260,-0.27993843739169577,helpagirlout
261,-0.27949104755363996,shaynashinault
262,-0.27886336142955104,turn
263,-0.278732100925685,acceptable
264,-0.278732100925685,homework
265,-0.278732100925685,react
266,-0.278732100925685,reason
267,-0.2773216239510562,xxx
268,-0.27642708904833463,many
269,-0.2747079478549002,alright
270,-0.2742339899508875,regard
271,-0.2741283205168628,cooliokelsang
272,-0.2741283205168628,episodes
273,-0.2741283205168628,himym
274,-0.27386198170270987,cowboys
275,-0.27386198170270987,dallas
276,-0.27386198170270987,touch
277,-0.27338105067703267,way
278,-0.27287920898244217,ny
279,-0.2712579189932521,legions
280,-0.2712579189932521,nasty
281,-0.2712579189932521,rodents
282,-0.27121595710493646,gossipgirl
283,-0.27121595710493646,pgp
284,-0.27121595710493646,upset
285,-0.27049298773593705,godzilla
286,-0.27049298773593705,thelowhar
287,-0.27049298773593705,wordwhacker
288,-0.270377159491829,canoe
289,-0.270377159491829,dc
290,-0.2692610308881787,cangetinsomesquats
291,-0.2692610308881787,ctsandy
292,-0.2692610308881787,fakebillquinlan
293,-0.2692610308881787,noontime
294,-0.2685229443617734,condolences
295,-0.26809481127514573,bodi
296,-0.26809481127514573,pointbreak
297,-0.26802524657863186,bang
298,-0.26802524657863186,game
299,-0.26802524657863186,theory
300,-0.2660922898169021,apocalypse
301,-0.26599431436155346,hahahahaha
302,-0.26599431436155346,swear
303,-0.26531440450162774,stomp
304,-0.26390494573702067,gay
305,-0.2636912150816068,barometric
306,-0.2636912150816068,drop
307,-0.2636912150816068,headache
308,-0.26365897030934865,medical
309,-0.2631144267894264,buy
310,-0.26128482402863157,meantime
311,-0.26128482402863157,microphone
312,-0.2579480755680894,company
313,-0.2579480755680894,tvt
314,-0.25791595631580355,border
315,-0.25791595631580355,collie
316,-0.25791595631580355,jackie
317,-0.25791595631580355,midland
318,-0.2578277139596457,life
319,-0.25741261789518094,cancel
320,-0.2565281471333834,smh
321,-0.2556656124009063,liz
322,-0.2556656124009063,mess
323,-0.2556656124009063,moremoremike
324,-0.2556656124009063,paulfuccinmeezy
325,-0.2554113925981069,fun
326,-0.25442493876727823,move
327,-0.25434913949760984,biatch
328,-0.25325402381997375,cross
329,-0.25206500776135593,also
330,-0.25034544093889716,carlton
331,-0.25034544093889716,hammer
332,-0.2500229126184311,call
333,-0.24964629408004074,tame
334,-0.2476647159519792,windy
335,-0.24538958916541062,boge
336,-0.24538958916541062,smoke
337,-0.24504934584591562,cars
338,-0.24504934584591562,tragic
339,-0.2447177991018344,ex
340,-0.24446206167545775,harder
341,-0.24441024312299445,fight
342,-0.24387266622828893,kayak
343,-0.24387266622828893,madddslawton
344,-0.24387266622828893,paddle
345,-0.2436124767828201,still
346,-0.24322994266538836,kinda
347,-0.24301208025538226,act
348,-0.24301208025538226,brains_x_beauty
349,-0.24301208025538226,nature
350,-0.24280253623546494,join
351,-0.24280253623546494,patrica
352,-0.24280253623546494,prayer
353,-0.24260482503130637,conquer
354,-0.24260482503130637,noooooooo
355,-0.24260482503130637,ritabots
356,-0.24260482503130637,tonights
357,-0.24176787371541078,mega
358,-0.24176787371541078,tweeter
359,-0.24175149215835273,juegaconpepe
360,-0.24175149215835273,lmfao
361,-0.24118558666891066,doesnt
362,-0.24118558666891066,easy
363,-0.2406933742082262,hang
364,-0.24034664671760866,shiver
365,-0.24034664671760866,treesfalling
366,-0.24034664671760866,zombie
367,-0.24028458692472338,knock
368,-0.2393297697655586,appreciate
369,-0.2393297697655586,hurricainesandy
370,-0.2393297697655586,mat
371,-0.2393297697655586,pixies
372,-0.23930667348385812,finger
373,-0.23930667348385812,freshbooks
374,-0.23930667348385812,harvest
375,-0.23816943496614595,craziest
376,-0.23816943496614595,finish
377,-0.2380828551959038,aus
378,-0.2380828551959038,nations
379,-0.2380828551959038,truth
380,-0.2380828551959038,twice
381,-0.2376634845675954,quick
382,-0.23735589159960702,soon
383,-0.23731839188116563,nothappy
384,-0.23722475876365087,incredibly
385,-0.23490580041627884,yesterday
386,-0.23487869490969637,shauntfitness
387,-0.23487869490969637,workout
388,-0.23368695903798578,itzz_dat_bitch
389,-0.23368695903798578,mah
390,-0.23368695903798578,makin
391,-0.23368695903798578,oliviaanglovich
392,-0.23368695903798578,tittays
393,-0.2333877131522321,window
394,-0.23295389592920995,yolo
395,-0.2318893219478262,nobody
396,-0.2318893219478262,robertsammons
397,-0.23067634116620486,access
398,-0.23067634116620486,fortunately
399,-0.23067634116620486,platforms
400,-0.23067634116620486,usual
401,-0.2303185403634537,college
402,-0.2303185403634537,deadlines
403,-0.2297601065090295,dan
404,-0.2297601065090295,dirty
405,-0.2297601065090295,tryna
406,-0.2294297643728243,elmira
407,-0.2294297643728243,month
408,-0.2294297643728243,nyseg
409,-0.2294297643728243,overdue
410,-0.22816606708873077,pain
411,-0.22722030050108083,celebrate
412,-0.22722030050108083,hsmpress
413,-0.22722030050108083,sadist
414,-0.2271673264249149,booglarize
415,-0.2271673264249149,unless
416,-0.226657778564199,pa_dmcshane
417,-0.226657778564199,ruairidig
418,-0.226657778564199,scottraff
419,-0.22603995973788107,citizens
420,-0.22603995973788107,spirit
421,-0.22602005088757635,appropriate
422,-0.22602005088757635,favesong
423,-0.22602005088757635,hunterhayes
424,-0.2251202229745481,pics
425,-0.22433785005076604,crossfit
426,-0.22433785005076604,months
427,-0.22433785005076604,seriousbutnotserious
428,-0.22365241147232315,sandyreports
429,-0.22321015880114262,refuge
430,-0.22192499201017615,obviously
431,-0.22181348597133857,mass
432,-0.22109134622941212,accompany
433,-0.22109134622941212,deal
434,-0.22109134622941212,equip
435,-0.22109134622941212,higher
436,-0.22109134622941212,rogerpielkejr
437,-0.21964781187770027,actress
438,-0.21964781187770027,auditon
439,-0.21964781187770027,girlfriend
440,-0.21940531792874712,realist
441,-0.21920615862004905,weatherchannel
442,-0.2191225633288675,yess
443,-0.21894256755356364,craigkielburger
444,-0.21894256755356364,suppose
445,-0.21894256755356364,wescarehunger
446,-0.2182024506839572,midtown
447,-0.21803405934450737,mary
448,-0.21803405934450737,pissedoff
449,-0.21803405934450737,sandyfuckyourself
450,-0.21742928904055384,accident
451,-0.21742928904055384,allergymentor
452,-0.21742928904055384,objo
453,-0.21742928904055384,plot
454,-0.21713293798122432,ship
455,-0.21693058425430164,beer
456,-0.21693058425430164,period
457,-0.21671427259166287,occupy
458,-0.21671427259166287,parhedge
459,-0.21524886196358053,arrest
460,-0.2148716825819273,ne
461,-0.21363975501737534,feet
462,-0.21268214834931057,offer
463,-0.21213462465780522,chew
464,-0.21213462465780522,erk
465,-0.21150841549072152,carribeans
466,-0.21150841549072152,kartel
467,-0.21150841549072152,niggah
468,-0.21150841549072152,realshit
469,-0.21150841549072152,skip
470,-0.21150841549072152,vybz
471,-0.2096284345822831,acpress
472,-0.2096284345822831,fence
473,-0.2096284345822831,replace
474,-0.20942759589630738,samm_and_cheese
475,-0.20868100587184846,etc
476,-0.20868100587184846,foolish
477,-0.20868100587184846,heat
478,-0.2070064683541986,part
479,-0.20631307610703775,man
480,-0.20585150381461545,vannamle
481,-0.20515592857158768,em
482,-0.20515592857158768,entrepreneur
483,-0.20515592857158768,robber
484,-0.20496038984455692,hot
485,-0.20496038984455692,inn
486,-0.20496038984455692,spa
487,-0.20496038984455692,woodlands
488,-0.2032711782614135,buddies
489,-0.2032711782614135,different
490,-0.2032711782614135,multiple
491,-0.20326419262629852,one
492,-0.2031539781170576,afford
493,-0.2031539781170576,dodgy
494,-0.2031539781170576,euromillions
495,-0.2031539781170576,penthouse
496,-0.2031539781170576,tomorrows
497,-0.20282389261988856,contest
498,-0.20282389261988856,spot
499,-0.20282389261988856,unsnapped
500,-0.2017364329498731,solve
501,-0.2017364329498731,together
502,-0.20125794624319177,announce
503,-0.20125794624319177,star
504,-0.20125794624319177,war
505,-0.20125794624319177,week
506,-0.20121505351521798,imagine
507,-0.20121505351521798,truly
508,-0.20111176261052607,almond
509,-0.20111176261052607,butter
510,-0.20111176261052607,cookies
511,-0.20111176261052607,delish
512,-0.20058934332710468,major
513,-0.19974741012447603,campus
514,-0.19974741012447603,exam
515,-0.19974741012447603,relationship
516,-0.19974741012447603,score
517,-0.19796197582326852,rain
518,-0.19757192470224494,egg
519,-0.19757192470224494,mrchocolatchaud
520,-0.19690773516746102,buddy
521,-0.19690773516746102,local
522,-0.19690773516746102,recommend
523,-0.19690773516746102,seth
524,-0.19690773516746102,wanderngaramean
525,-0.19628348457369604,apparel
526,-0.19628348457369604,campaign
527,-0.19628348457369604,sandysale
528,-0.19628348457369604,surprise
529,-0.19628348457369604,tasteless
530,-0.19619150199118868,instantfollowback
531,-0.19619150199118868,jerk
532,-0.19527806368220624,dance
533,-0.19527806368220624,gangam
534,-0.19527806368220624,style
535,-0.19503318798464545,spookythanksgiving
536,-0.1941514854519211,bill
537,-0.1935017488247731,advice
538,-0.1935017488247731,choose
539,-0.1935017488247731,idiots
540,-0.1935017488247731,ignore
541,-0.1935017488247731,professional
542,-0.1935017488247731,sympathy
543,-0.19344358822802332,blowers
544,-0.19344358822802332,chainsaws
545,-0.19344358822802332,county
546,-0.19344358822802332,leaf
547,-0.19344358822802332,morris
548,-0.19273280700785675,agree
549,-0.19273280700785675,justinbieber
550,-0.1906223434745224,anonymous
551,-0.1906223434745224,beloved
552,-0.1906223434745224,bust
553,-0.1906223434745224,corporations
554,-0.1903273774996793,mankind
555,-0.19010257423809762,smurfasaur_sg
556,-0.18982511977079855,blast
557,-0.18982511977079855,hurricanedoomsday
558,-0.18982511977079855,prophecyarctic
559,-0.18982511977079855,stormthe
560,-0.18982511977079855,tornado
561,-0.18830087554929392,blackout
562,-0.18827085525584006,branch
563,-0.18827085525584006,http
564,-0.18827085525584006,ireport
565,-0.18827085525584006,passengers
566,-0.18795252401239082,able
567,-0.18795252401239082,comfortable
568,-0.18795252401239082,warmth
569,-0.18783140608539625,funfunfunfest
570,-0.18741258840321298,grief
571,-0.18741258840321298,pecan
572,-0.18741258840321298,sandies
573,-0.18648434752664245,cap
574,-0.18648434752664245,movies
575,-0.18648434752664245,screen
576,-0.18648434752664245,web
577,-0.1863931986054823,callmefunsized
578,-0.1863931986054823,fuuuckk
579,-0.1863931986054823,uu
580,-0.18553780345811727,animal
581,-0.18510183568919808,forward
582,-0.1850611436812727,attitudes
583,-0.1850611436812727,helpful
584,-0.1850611436812727,leaders
585,-0.1850611436812727,refugees
586,-0.1850611436812727,smug
587,-0.1850611436812727,sudan
588,-0.1844550648300308,address
589,-0.1844550648300308,billmckibben
590,-0.1844550648300308,climatechange
591,-0.1844550648300308,oceans
592,-0.1844550648300308,slow
593,-0.18420437087893282,chaser
594,-0.18410681701223425,straight
595,-0.18391162716909898,lightly
596,-0.18391162716909898,lil
597,-0.18391162716909898,olliebrett
598,-0.18173539378775083,peoplehelpingpeople
599,-0.18167121373275047,joke
600,-0.18129442424995565,fuckers
601,-0.18129442424995565,goin
602,-0.18129442424995565,happenin
603,-0.18129442424995565,hurrican
604,-0.18129442424995565,worrries
605,-0.18103447678008336,cuddle
606,-0.18103447678008336,fuckin
607,-0.18087078624020178,directioners
608,-0.18044718966032142,confound
609,-0.18044718966032142,spread
610,-0.18034260951805683,class
611,-0.18034260951805683,hookitup
612,-0.17995011840338,grind
613,-0.17856175957055165,needjunkfood
614,-0.17856175957055165,snack
615,-0.17798197760196216,buffet
616,-0.17798197760196216,creatures
617,-0.17798197760196216,maine
618,-0.17798197760196216,torihatesyou
619,-0.17797503170800755,canada
620,-0.17778024142576815,fan
621,-0.17778024142576815,knowledge
622,-0.17778024142576815,newspaper
623,-0.17778024142576815,technology
624,-0.177499254413705,anthem
625,-0.177499254413705,chop
626,-0.177499254413705,color
627,-0.177499254413705,crank
628,-0.177499254413705,crotch
629,-0.177499254413705,point
630,-0.177499254413705,suck
631,-0.177499254413705,yell
632,-0.17599566584409124,legged
633,-0.1755199635977788,actual
634,-0.1755199635977788,amywilkins
635,-0.1755199635977788,face
636,-0.1755199635977788,fee
637,-0.1755199635977788,indication
638,-0.17511173059822,onlinepato
639,-0.17372426121445536,rushers
640,-0.17275720700562797,atm
641,-0.17275720700562797,prayfornyc
642,-0.1727402913959787,church
643,-0.1727402913959787,renewal
644,-0.17165245882266977,comfy
645,-0.17158714689851562,delta
646,-0.17108304407002345,dmv
647,-0.17108304407002345,homestate
648,-0.17108304407002345,hometown
649,-0.17108304407002345,missmya
650,-0.17108304407002345,supplicant
651,-0.17023788790200553,anticpation
652,-0.17023788790200553,esp
653,-0.17021648718135707,floor
654,-0.16949270712061654,biotest
655,-0.16949270712061654,cus
656,-0.16949270712061654,gonnafail
657,-0.16930686139866147,thinkingofyou
658,-0.1689855718357332,chief_myers
659,-0.1689855718357332,decide
660,-0.1689855718357332,frannyxbaby
661,-0.1689855718357332,hurricaneprobz
662,-0.1689855718357332,ktkillaswag
663,-0.1689855718357332,pajama
664,-0.1689855718357332,rittelmatthew
665,-0.16849503867346372,justingmt
666,-0.16833760490386632,hunker
667,-0.16833760490386632,snowstorm
668,-0.16782631726238365,anticipate
669,-0.16782631726238365,booorrreeddd
670,-0.16782631726238365,freak
671,-0.16782631726238365,read
672,-0.16782631726238365,whole
673,-0.16753397725335467,newyork
674,-0.16699511281087334,thrill
675,-0.16657818138864564,perhaps
676,-0.16614867487014273,ha
677,-0.16614867487014273,northeastern
678,-0.16595501686937558,twitter
679,-0.16530409803294774,backlash
680,-0.16530409803294774,cold
681,-0.16530409803294774,proper
682,-0.16530409803294774,strong
683,-0.16530409803294774,winter
684,-0.16508180484751464,staysafe
685,-0.16337503457977767,courtside
686,-0.16337503457977767,everyonedrinkforacause
687,-0.16337503457977767,jbar
688,-0.16337503457977767,percentage
689,-0.16337503457977767,sales
690,-0.1633357328004363,inspiration
691,-0.1633357328004363,offline
692,-0.1633357328004363,tea
693,-0.16270121201816862,shi
694,-0.16012450106954548,gma
695,-0.15970864499555193,accommodation
696,-0.15970864499555193,mutant
697,-0.15970864499555193,ninja
698,-0.15970864499555193,teenage
699,-0.15970864499555193,turtle
700,-0.15967466192083632,happybelated
701,-0.15967466192083632,smushed
702,-0.1594979996515916,victims
703,-0.15867006724505608,work
704,-0.15864541697319973,ctfu
705,-0.15864541697319973,dat
706,-0.15864541697319973,kno
707,-0.15864541697319973,yall
708,-0.15750438648487425,davekrumholtz
709,-0.15750438648487425,hr
710,-0.15750438648487425,raise
711,-0.1565824678256205,fellow
712,-0.15618253152388822,balm
713,-0.15618253152388822,cheez
714,-0.15618253152388822,sweatpants
715,-0.15618253152388822,tiger
716,-0.1554909067781626,badly
717,-0.1554909067781626,fuc
718,-0.1554909067781626,jack
719,-0.1554909067781626,sourpatchb
720,-0.1552479125720635,christians
721,-0.1552479125720635,delight
722,-0.1552479125720635,exist
723,-0.1552479125720635,piece
724,-0.1552479125720635,shame
725,-0.1545585310020509,dude
726,-0.154498594917015,probably
727,-0.15166983012462038,danger
728,-0.1513243748101252,light
729,-0.15057590802778834,capitalism
730,-0.15057590802778834,communities
731,-0.15057590802778834,flourish
732,-0.15057590802778834,meal
733,-0.15057590802778834,retreat
734,-0.14853620592083544,arm
735,-0.14853620592083544,bfordanderson
736,-0.14853620592083544,boys
737,-0.1481307988486501,license
738,-0.1481307988486501,piss
739,-0.14812121903987124,bruno
740,-0.14812121903987124,mar
741,-0.14812121903987124,yo
742,-0.14720226471094272,laugh
743,-0.14694519494633537,shitty
744,-0.14672202288609168,lord
745,-0.14672202288609168,priceless
746,-0.14669839621932285,trap
747,-0.1458803864600064,try
748,-0.14569034903854142,hopefully
749,-0.14360031794612255,person
750,-0.14360031794612255,poor
751,-0.14318672119058076,stacey
752,-0.14303509391569016,amen
753,-0.14303509391569016,xomalese
754,-0.14250481490541864,homeless
755,-0.1420627046835178,nervous
756,-0.14162237614718406,costume
757,-0.14162237614718406,coz
758,-0.14162237614718406,zak_bagans
759,-0.14153029311413254,sit
760,-0.14153029311413254,uk
761,-0.14097178922564021,excuse
762,-0.14097178922564021,stadium
763,-0.14062906795555255,official
764,-0.14062906795555255,serve
765,-0.1404309690136215,trill
766,-0.1401170298500107,wrestler
767,-0.13996255201771116,anecdotal
768,-0.13996255201771116,gym
769,-0.13996255201771116,poop
770,-0.1397743472313434,cray
771,-0.1397743472313434,kelscandy
772,-0.1397743472313434,soo
773,-0.13943168071477552,hella
774,-0.13943168071477552,lmfaoo
775,-0.13695449251296818,pressure
776,-0.1362994200283987,majorly
777,-0.13604691827254853,gutter
778,-0.13604691827254853,outta
779,-0.13604691827254853,prayersup
780,-0.13604691827254853,psycho
781,-0.1356158582616869,mad
782,-0.1356158582616869,simonamarie
783,-0.1356158582616869,sunshinechris
784,-0.13490733491191448,breath
785,-0.13490733491191448,deep
786,-0.13490733491191448,repeat
787,-0.13444102769845498,almost
788,-0.13347260662837654,betta
789,-0.13347260662837654,fuckn
790,-0.13347260662837654,somewhere
791,-0.13342386538514295,whisper
792,-0.1327807916481911,court
793,-0.13230517323211394,downstairs
794,-0.13230517323211394,mommy
795,-0.13230517323211394,sjbeane
796,-0.13143373419468518,brown
797,-0.1300844579924013,sweep
798,-0.12910894267666,cranky
799,-0.12910894267666,firm
800,-0.12910894267666,promote
801,-0.12910894267666,webinars
802,-0.12904939314597724,serious
803,-0.12872106513814685,find
804,-0.12789287765269314,coast
805,-0.1268481944120102,bryn
806,-0.1268481944120102,carve
807,-0.1268481944120102,crap
808,-0.1268481944120102,kick
809,-0.1268481944120102,pumpkin
810,-0.1255086597714458,dis
811,-0.1255086597714458,dyin
812,-0.1255086597714458,hoe
813,-0.12431416851088449,project
814,-0.12243622549134459,mean
815,-0.1223895742149518,air
816,-0.1219007639158134,condoms
817,-0.1204453490796361,refuse
818,-0.12039669718010643,dog
819,-0.1203102570288155,drink
820,-0.11981015327675075,thru
821,-0.11975569040087235,wreckage
822,-0.11948249864387106,predictable
823,-0.11948249864387106,swansea
824,-0.11948249864387106,term
825,-0.11805577226558557,rebuild
826,-0.11750296219522953,despite
827,-0.11750296219522953,fact
828,-0.11750296219522953,hibernate
829,-0.11750296219522953,till
830,-0.11728186083197956,block
831,-0.11691063440445701,ask
832,-0.11258057542752534,harbor
833,-0.11258057542752534,mourdock
834,-0.11258057542752534,richard
835,-0.11161122197581178,change
836,-0.11120208645596492,gratitude
837,-0.11115930973348985,well
838,-0.10675552524528117,never
839,-0.10597706766071513,every
840,-0.10591627234662916,normal
841,-0.10570493356871923,patrick
842,-0.10570493356871923,texas
843,-0.1039284403841436,haha
844,-0.1039284403841436,insane
845,-0.10194902706299996,shitstorm
846,-0.10169419838950859,failure
847,-0.10106867615855601,iansomerhalder
848,-0.10106867615855601,property
849,-0.10092849058206374,brownie
850,-0.10074884156689094,clear
851,-0.10027878162721833,future
852,-0.09753989639655027,gettin
853,-0.09753989639655027,hustle
854,-0.09753989639655027,imma
855,-0.09753989639655027,snow
856,-0.09753989639655027,trapper
857,-0.09694619883925817,climb
858,-0.09626851543850506,weekend
859,-0.0959708442903469,rise
860,-0.09466976685350202,research
861,-0.093122705672918,center
862,-0.09271728184564883,bow
863,-0.09199085474635682,send
864,-0.09026113150565099,warn
865,-0.08983961281080238,mock
866,-0.0895226212988595,note
867,-0.08597838353742876,xx
868,-0.085357940717709,others
869,-0.08423552790223084,shore
870,-0.08415116298975557,everywhere
871,-0.08246789037091799,lose
872,-0.08224318979845993,big
873,-0.0805920644804491,could
874,-0.08012506006257847,indoors
875,-0.07775960204880614,beach
876,-0.0758445182437201,highly
877,-0.07556813979247606,old
878,-0.07475389376130066,cuz
879,-0.07430286554950487,cleanup
880,-0.07368688252173773,america
881,-0.072772065843008,slightly
882,-0.07170889044219289,ride
883,-0.07143443832193239,past
884,-0.07066678843242742,giant
885,-0.07050306599045934,blog
886,-0.0681920339760243,stronger
887,-0.06814093304917203,die
888,-0.06712492946113657,order
889,-0.06562100054415564,weather
890,-0.06492392509227038,harlem
891,-0.06477743790957498,free
892,-0.06462181758702061,box
893,-0.06009143720736988,hard
894,-0.0594318689746096,notice
895,-0.05798117322222562,verify
896,-0.057113965355611446,hehe
897,-0.057113965355611446,ing
898,-0.057113965355611446,lalamcvick
899,-0.057113965355611446,mutha
900,-0.05659671229349164,come
901,-0.055860046175607456,grateful
902,-0.052162252038360175,early
903,-0.052082905500979604,happen
904,-0.05206387937997373,animals
905,-0.051489066790871084,crisis
906,-0.05057680396546917,worse
907,-0.05006136887692792,surf
908,-0.04619370556389634,luck
909,-0.04475721417065676,line
910,-0.04094410637375987,dear
911,-0.03578777066548622,see
912,-0.03333867878248596,stories
913,-0.03258139213133042,grim
914,-0.03207594181554891,room
915,-0.030674269700613533,head
916,-0.024924464402645462,use
917,-0.02473801800111789,uninterrupted
918,-0.02453023367313729,tree
919,-0.02340965987133397,question
920,-0.022909514236316562,michael
921,-0.022401626084080847,roof
922,-0.021233450100748855,fine
923,-0.020813978948374404,ppl
924,-0.020765608559602765,casualty
925,-0.02055390641715454,blackouts
926,-0.016995802130313736,climate
927,-0.01653258162838194,respond
928,-0.01628302421870674,might
929,-0.015752225133835365,wash
930,-0.015370695742776466,items
931,-0.014672531976774887,sad
932,-0.01382357899999369,fatalities
933,-0.013066484532167544,since
934,-0.012978901760162252,jimnorton
935,-0.011857146853809357,parent
936,-0.011836722509722222,fill
937,-0.011088183448836086,show
938,-0.008855556524183432,destruction
939,-0.00784350176538106,else
940,-0.007671406129268514,hotel
941,-0.006434760657952125,nygovcuomo
942,-0.0003277122022349654,ave
943,-0.00014814626702693975,money
944,0.0004806648632553623,interview
945,0.0017482846134547307,lie
946,0.00347553433372868,fb
947,0.004304615129112109,car
948,0.005487965246264192,jump
949,0.0059147284548766495,ready
950,0.006519391031292788,monday
951,0.01231676897746704,apple
952,0.01568325100047629,quickly
953,0.015951373421569576,blame
954,0.01835242535103208,evidence
955,0.0192526062018496,folks
956,0.019281954449611442,sum
957,0.022540147439984375,four
958,0.024039418309218782,hurricanes
959,0.025890154881633667,plan
960,0.028149570377668572,mikebloomberg
961,0.028758224736265974,episode
962,0.030975663233633086,streets
963,0.03137456042708304,around
964,0.03385019250986594,fly
965,0.034530774946739166,finally
966,0.03471674378289246,busy
967,0.035309970482119354,runways
968,0.03744153372180459,years
969,0.0374582997618937,service
970,0.037805767641676334,thematthewkeys
971,0.039579836961429866,view
972,0.039823932640433636,cc
973,0.04183569763895954,naugusta
974,0.04183569763895954,statenisland
975,0.0438239439478522,fireobama
976,0.0438239439478522,fxnopinion
977,0.0438239439478522,teaparty
978,0.046528384305309145,nearly
979,0.046654520182173136,rat
980,0.04700869630706966,provide
981,0.0476285377957131,eight
982,0.04784502887370078,devastation
983,0.04815916748675775,beca
984,0.04815916748675775,bond
985,0.04815916748675775,financial
986,0.048414523748529274,cancellations
987,0.048414523748529274,guardia
988,0.048414523748529274,la
989,0.048625537765520165,achorowitz
990,0.05117735667864829,ok
991,0.051451503243352036,hi
992,0.05156082693905117,cnnbrk
993,0.05156082693905117,eyesju
994,0.051972846839633526,super
995,0.052286562777292676,river
996,0.05259256929126029,depend
997,0.053170825376138584,yikes
998,0.05671333368039329,evacuateabc
999,0.05671333368039329,newsnew
1000,0.05671333368039329,newsnyc
1001,0.056847150503017106,caribnews
1002,0.056847150503017106,twc
1003,0.057207275471474556,newsmax_media
1004,0.057207275471474556,pennsylvania
1005,0.058483182603825144,mpoppel
1006,0.0596530801758241,awwww
1007,0.059745120778330336,reddit
1008,0.06120273614089072,awesome
1009,0.061836833797056796,breathtaking
1010,0.061836833797056796,depths
1011,0.06207230885212919,saw
1012,0.06219654936594837,complaints
1013,0.06219654936594837,numerous
1014,0.06219654936594837,timenewsfeed
1015,0.06283214779477628,barack
1016,0.06315365234168645,great
1017,0.06365810000437115,queenscourier
1018,0.06383085301617238,ras
1019,0.06467315721051937,jacquereid
1020,0.06740911383302903,monster
1021,0.06759815827740463,forecasters
1022,0.06759815827740463,je
1023,0.06772932936566299,slate
1024,0.06832341004990584,gt
1025,0.06833652290053652,basement
1026,0.06833652290053652,girl
1027,0.06833652290053652,yr
1028,0.06844985830865069,alexjamesfitz
1029,0.06844985830865069,cmwdotme
1030,0.06844985830865069,telescope
1031,0.06844985830865069,weeddude
1032,0.06868391846022193,sandy
1033,0.06905777029725026,experience
1034,0.06946904891623387,possible
1035,0.0696313981374859,avoid
1036,0.0696313981374859,drape
1037,0.0696313981374859,elevators
1038,0.0696313981374859,stairs
1039,0.07014277022466905,tune
1040,0.07024814649981609,chain
1041,0.07024814649981609,lead
1042,0.07024814649981609,reuters
1043,0.07083920472889023,catastrophic
1044,0.07083920472889023,faster
1045,0.07083920472889023,onshore
1046,0.07174438540094685,dot
1047,0.07174438540094685,entrance
1048,0.07174438540094685,submerge
1049,0.07193804814316802,scary
1050,0.07203056400434989,brooklyn
1051,0.07208676655197949,peaceful
1052,0.07208676655197949,quite
1053,0.0734541039944238,beforeitsnews
1054,0.0734541039944238,cfsa
1055,0.0734541039944238,white
1056,0.07376426082456966,sky
1057,0.07427488746569204,destroy
1058,0.07460285680167637,concrete
1059,0.07460285680167637,jungle
1060,0.07460285680167637,newyorkpost
1061,0.07486752945198923,absurd
1062,0.07486752945198923,bloombergtv
1063,0.07486752945198923,titanic
1064,0.07534279139019152,cary
1065,0.07534279139019152,hugh
1066,0.07555875091195574,absolutely
1067,0.07568991412199139,avenue
1068,0.07568991412199139,bottom
1069,0.07568991412199139,jsjohnst
1070,0.07568991412199139,loc
1071,0.07586726352911596,damnitstrue
1072,0.07586726352911596,fcfortune
1073,0.07586726352911596,iamsiree
1074,0.07696288486220489,unhq
1075,0.07745719596752908,spawn
1076,0.07783871754778868,cubfancurt
1077,0.07783871754778868,theatlantic
1078,0.07828179608816736,anyone
1079,0.07857591387323495,hobok
1080,0.07857591387323495,hoboken
1081,0.07857591387323495,newsnj
1082,0.07916603421466356,ers
1083,0.07916603421466356,overload
1084,0.07919212787189307,list
1085,0.07937792417238872,cent
1086,0.07937792417238872,delay
1087,0.07937792417238872,olavkjorven
1088,0.07937792417238872,per
1089,0.07939997917638389,flagship
1090,0.07957090308865924,time
1091,0.07987947550674128,heart
1092,0.08009933347223823,survey
1093,0.08054700167374843,authority
1094,0.08054700167374843,direct
1095,0.08054700167374843,port
1096,0.08062772767088466,need
1097,0.08083010814741556,laguardia
1098,0.08083010814741556,operational
1099,0.08086483710782814,lattes
1100,0.08086483710782814,soy
1101,0.08086483710782814,upper
1102,0.08105192571371016,addition
1103,0.08105192571371016,nc
1104,0.08145363959638097,apply
1105,0.08145363959638097,code
1106,0.08145363959638097,search
1107,0.08145363959638097,std
1108,0.08145363959638097,zip
1109,0.08230925873175471,momentarily
1110,0.08257468923347734,cellphone
1111,0.08257468923347734,mail
1112,0.08282479718957861,except
1113,0.08282479718957861,lincoln
1114,0.08282479718957861,sandyonfox
1115,0.08312552329667161,atlanticcity
1116,0.08312552329667161,crowd
1117,0.08312552329667161,gather
1118,0.08312552329667161,helenamerriman
1119,0.08312552329667161,newjersey
1120,0.08312552329667161,overhead
1121,0.08321430980916204,massachusetts
1122,0.08355718698554152,roar
1123,0.08367489666737474,brooklynbased
1124,0.08367489666737474,dumbo
1125,0.08367489666737474,ezyjules
1126,0.08367489666737474,woah
1127,0.08371913920508818,apparently
1128,0.08371913920508818,billy
1129,0.08371913920508818,bruce
1130,0.08371913920508818,joel
1131,0.08371913920508818,listen
1132,0.08371913920508818,radio
1133,0.08371913920508818,song
1134,0.08371913920508818,springsteen
1135,0.08393140878006687,tropical
1136,0.08404118245656224,chief
1137,0.08404118245656224,destructive
1138,0.08404118245656224,lhota
1139,0.0840582357867538,desperate
1140,0.0840582357867538,haitians
1141,0.08446547747721081,contact
1142,0.08446547747721081,greene
1143,0.08446547747721081,hosp
1144,0.08446547747721081,plsrt
1145,0.08446547747721081,towel
1146,0.08518175556581875,causalities
1147,0.08518175556581875,geo
1148,0.08518175556581875,shahidmasooddr
1149,0.08553484701390562,budget
1150,0.08553484701390562,dollars
1151,0.08553484701390562,net
1152,0.08553484701390562,strangely
1153,0.08553484701390562,thats
1154,0.08596269202479223,people
1155,0.08642293796535415,pa
1156,0.08690844198668916,generators
1157,0.08690844198668916,homedepot
1158,0.08690844198668916,low
1159,0.08690844198668916,rockaways
1160,0.08690844198668916,supply
1161,0.08690844198668916,walmart
1162,0.08693160989951869,stance
1163,0.08693160989951869,theatlanticwire
1164,0.08795129706926667,collision
1165,0.08795129706926667,earlier
1166,0.08795129706926667,gas
1167,0.08795129706926667,pedal
1168,0.0891092155094139,airtime
1169,0.0891092155094139,denier
1170,0.0891092155094139,dismiss
1171,0.08917652182922516,middle
1172,0.08949958507150108,commuter
1173,0.08949958507150108,rail
1174,0.08968943726577147,queensboro
1175,0.08968943726577147,williamsburg
1176,0.09144965905288809,certain
1177,0.09144965905288809,comment
1178,0.09144965905288809,ironic
1179,0.09144965905288809,pastors
1180,0.09162271753037754,correction
1181,0.09168022399248542,add
1182,0.09168022399248542,context
1183,0.09168022399248542,ddj
1184,0.09168022399248542,lapse
1185,0.09168022399248542,usefularts
1186,0.09182041207689381,clarify
1187,0.09182041207689381,fourteen
1188,0.09182041207689381,position
1189,0.09182041207689381,simply
1190,0.09182041207689381,six
1191,0.0921418985169289,aka
1192,0.0921418985169289,chase
1193,0.0921418985169289,chip
1194,0.09229459535278701,taxi
1195,0.0926909152256543,cbs
1196,0.0926909152256543,geographiclimited
1197,0.0926909152256543,tra
1198,0.09327991591843891,ceo
1199,0.09327991591843891,chance
1200,0.09327991591843891,significant
1201,0.09354102711417697,green
1202,0.09354102711417697,michigan
1203,0.09367583259190287,doublebeee
1204,0.09367583259190287,haunt
1205,0.09369586003848134,chaos
1206,0.09404004147943042,nationwide
1207,0.09557726022525277,blesstheusa
1208,0.09584371708062688,expect
1209,0.09602925014719786,wifi
1210,0.09645832294375964,tip
1211,0.09678082694385251,bpc
1212,0.09678082694385251,brianlehrer
1213,0.09678082694385251,cove
1214,0.09678082694385251,crest
1215,0.09678082694385251,esplanade
1216,0.09678082694385251,gawker
1217,0.09678082694385251,marina
1218,0.09716572330926347,furious
1219,0.09723981719299518,boss
1220,0.09723981719299518,pourmecoffee
1221,0.09739407137359211,bear
1222,0.09764705113789371,livestream
1223,0.0976540587387669,imminent
1224,0.0976540587387669,sewage
1225,0.0976540587387669,ultimate
1226,0.0987452821661301,anchor
1227,0.0987452821661301,producers
1228,0.09898395946437652,zagatnyc
1229,0.09931987943296768,alone
1230,0.09931987943296768,cholera
1231,0.09931987943296768,pap
1232,0.0996743592906338,georgiaema
1233,0.0996743592906338,hmrd
1234,0.1006964021404037,mainly
1235,0.10100699541097365,churn
1236,0.10100699541097365,pennsy
1237,0.10112615018776494,caribbean
1238,0.10117833760738698,offices
1239,0.10117833760738698,washington
1240,0.10123609226145351,disastrous
1241,0.10123609226145351,filmmaker
1242,0.10123609226145351,mtainsider
1243,0.10123609226145351,stun
1244,0.10177616709208658,bush
1245,0.10177616709208658,scott
1246,0.10177616709208658,thinkprogress
1247,0.10261303251443513,last
1248,0.10270473392594567,glass
1249,0.1027434517569938,wallop
1250,0.1029387388665801,mtv
1251,0.10319085891004834,astoria
1252,0.10319085891004834,ditmars
1253,0.10319085891004834,unscathed
1254,0.10321945148883967,entire
1255,0.10321945148883967,fell
1256,0.10321945148883967,ryannewyork
1257,0.10331048911896061,spare
1258,0.10358199801355228,johndeguzman
1259,0.1040634452988499,hey
1260,0.1040634452988499,idiot
1261,0.10436848467967362,event
1262,0.10436848467967362,taper
1263,0.10436848467967362,tide
1264,0.1044274965491381,adults
1265,0.1044274965491381,armory
1266,0.1044274965491381,hs
1267,0.1044274965491381,jay
1268,0.1044274965491381,john
1269,0.1044274965491381,slope
1270,0.10503978286813652,breakingnews
1271,0.10580077296215362,totally
1272,0.10603762513837313,abcnews
1273,0.10603762513837313,card
1274,0.10603762513837313,conjure
1275,0.10603762513837313,homos
1276,0.10609726155819739,mrbaileynyc
1277,0.10609726155819739,wetside
1278,0.10635827325165305,town
1279,0.10635827325165305,ygnw
1280,0.10640513096185392,casually
1281,0.10640513096185392,sharkmare
1282,0.10649574628077817,nymag
1283,0.10710031670327395,enjoy
1284,0.10722150575335078,motivateathlete
1285,0.10737242682402938,panic
1286,0.10737242682402938,rule
1287,0.10748842873518823,allow
1288,0.10748842873518823,benghazi
1289,0.10748842873518823,control
1290,0.10748842873518823,monitor
1291,0.10748842873518823,ocra
1292,0.10748842873518823,tcot
1293,0.1077070035755458,priority
1294,0.1077070035755458,protect
1295,0.10774544822680694,cpw
1296,0.10774544822680694,nowthised
1297,0.10774544822680694,nowthisnews
1298,0.10774544822680694,parknyc
1299,0.10774544822680694,scaffold
1300,0.10774544822680694,shoot
1301,0.10774544822680694,topple
1302,0.10774544822680694,wider
1303,0.10799294969380047,asburyparkpress
1304,0.10799294969380047,coastal
1305,0.10799294969380047,extreme
1306,0.10890512317026281,ambulances
1307,0.10890512317026281,crash
1308,0.10890512317026281,random
1309,0.10923326942035466,freedom
1310,0.10923326942035466,stormking
1311,0.10923326942035466,tower
1312,0.10935008694744681,mb
1313,0.10935008694744681,photograph
1314,0.10941893658839226,burich
1315,0.10941893658839226,hashem
1316,0.10974039195903734,anguish
1317,0.10974039195903734,bright
1318,0.10974039195903734,dust
1319,0.10974039195903734,foul
1320,0.10974039195903734,gluteus
1321,0.10974039195903734,miami
1322,0.10974039195903734,sweaty
1323,0.10974039195903734,wet
1324,0.11098384751097455,drain
1325,0.11098384751097455,eye
1326,0.11098384751097455,whose
1327,0.1112398760437071,deduct
1328,0.1112398760437071,wireless
1329,0.11131539393690527,laraspencer
1330,0.11131539393690527,single
1331,0.11131539393690527,zoos
1332,0.11154069152490204,estimate
1333,0.1116219955808107,shutsdown
1334,0.11188052934130642,krauthammer
1335,0.11191000806054492,huffingtonpost
1336,0.11200562902988762,cbsnews
1337,0.11225464549532901,alley
1338,0.11225464549532901,alleynyc
1339,0.11225464549532901,chrisfrc
1340,0.11225464549532901,host
1341,0.11225464549532901,temporary
1342,0.11232347502545503,medsindisaster
1343,0.11232347502545503,pharmacies
1344,0.11232347502545503,psrt
1345,0.11232347502545503,rxresponse
1346,0.11232347502545503,wpix
1347,0.11235936076126359,hour
1348,0.11290624889881193,amid
1349,0.11290624889881193,drlapook
1350,0.11306390938181833,buffalo
1351,0.11306390938181833,cushion
1352,0.11306390938181833,soffitt
1353,0.11311113301529341,cripple
1354,0.11378955520244434,care
1355,0.11444644915607731,danengber
1356,0.11444644915607731,drown
1357,0.11444644915607731,lab
1358,0.11444644915607731,mice
1359,0.11458672763922405,still_standing
1360,0.11478812239983822,dnainfo
1361,0.11478812239983822,zaidagrunes
1362,0.11552720873484616,page
1363,0.11573705760333819,jackseale
1364,0.11590519933984496,audience
1365,0.11590519933984496,comedy
1366,0.11590519933984496,fallon
1367,0.11590519933984496,fashion
1368,0.11590519933984496,jimmy
1369,0.11590519933984496,jimmyfallon
1370,0.11590519933984496,nail
1371,0.11590519933984496,perform
1372,0.11590519933984496,tvnews
1373,0.11607586736885166,didnt
1374,0.11607586736885166,understand
1375,0.11641473456326648,group
1376,0.11641473456326648,heroic
1377,0.11641473456326648,iranian
1378,0.11641473456326648,regime
1379,0.11641473456326648,technologies
1380,0.11720442071294059,body
1381,0.11720442071294059,crew
1382,0.11720442071294059,hms
1383,0.11720442071294059,member
1384,0.11760470745425669,energy
1385,0.11760470745425669,minister
1386,0.11760470745425669,ont
1387,0.11760470745425669,ontario
1388,0.11760470745425669,reconnected
1389,0.11762245593014993,save
1390,0.11832270188439287,among
1391,0.11832270188439287,worldwide
1392,0.11834283257663554,establish
1393,0.11834283257663554,lowest
1394,0.11885562619132602,cnet
1395,0.11885562619132602,spike
1396,0.11901127518318168,dailykos
1397,0.11901127518318168,dolts
1398,0.11901127518318168,heal
1399,0.11901127518318168,planet
1400,0.11901127518318168,republican
1401,0.11905833065692496,omgfacts
1402,0.11914139064367862,immoral
1403,0.11914139064367862,reminder
1404,0.11963333075471355,curtain
1405,0.12023943244696776,phase
1406,0.12059132412404432,distribution
1407,0.12059132412404432,ice
1408,0.12059132412404432,result
1409,0.12090960680573877,conedison
1410,0.12090960680573877,outage
1411,0.12090960680573877,repair
1412,0.12090960680573877,smaller
1413,0.12090960680573877,westchester
1414,0.12107678554984079,anyway
1415,0.12107678554984079,centre
1416,0.12107678554984079,wise
1417,0.12114572022031841,ads
1418,0.12114572022031841,charity
1419,0.12114572022031841,directly
1420,0.12114572022031841,email
1421,0.12114572022031841,pop
1422,0.12114572022031841,unsolicited
1423,0.12117045772098044,heights
1424,0.12117045772098044,jackson
1425,0.12117045772098044,nabe
1426,0.12117045772098044,qns
1427,0.12178073581747013,newark
1428,0.12202477575240298,celebr
1429,0.12202477575240298,celebrations
1430,0.12202477575240298,christie
1431,0.12202477575240298,newschristie
1432,0.12212857505530082,dramatists
1433,0.12212857505530082,oct
1434,0.12239330601914343,cool
1435,0.12239330601914343,usatoday
1436,0.12323459763070654,carnegie
1437,0.12323459763070654,hall
1438,0.12338214822873866,bystanders
1439,0.12338214822873866,lheron
1440,0.12338214822873866,memorable
1441,0.1236889325145285,opportunities
1442,0.1236889325145285,sandyaid
1443,0.1236889325145285,sandyvolunteer
1444,0.12436209146240355,responders
1445,0.12525625038168328,fox
1446,0.12533243662764967,roll
1447,0.12533243662764967,skynews
1448,0.1253367296882046,aves
1449,0.1253367296882046,bldgs
1450,0.1253367296882046,inc
1451,0.1253367296882046,stag
1452,0.12592258845757115,massive
1453,0.12592258845757115,nydailynews
1454,0.12592258845757115,swamp
1455,0.12625982052486964,app
1456,0.1262937887345708,account
1457,0.12640324294405939,cancer
1458,0.12640324294405939,scientists
1459,0.1269041091422681,becuase
1460,0.1269041091422681,continental
1461,0.1269041091422681,shallow
1462,0.1269041091422681,shelf
1463,0.1269041091422681,tidwell
1464,0.1269041091422681,value
1465,0.12692319630630935,railroad
1466,0.12692319630630935,sandynyc
1467,0.12708421426991062,area
1468,0.1276218277320211,difficult
1469,0.1276218277320211,li
1470,0.1276218277320211,movement
1471,0.1276218277320211,recede
1472,0.12791374111331832,linger
1473,0.12791374111331832,penn
1474,0.12806446075073477,several
1475,0.12812291846127302,fifty
1476,0.12840959838852398,beneath
1477,0.12840959838852398,holyshit
1478,0.12840959838852398,literally
1479,0.12840959838852398,rivers
1480,0.12840959838852398,underground
1481,0.12866050798363943,transportation
1482,0.12866883634870388,signal
1483,0.12922960614277001,black
1484,0.12922960614277001,ghostbusters
1485,0.12922960614277001,ii
1486,0.12922960614277001,pitch
1487,0.12922960614277001,ray
1488,0.12939601262855638,cranford
1489,0.12939601262855638,flicker
1490,0.12939601262855638,thud
1491,0.12947883770184934,dt
1492,0.12947883770184934,emotional
1493,0.12947883770184934,operationsafe
1494,0.1296837506724778,fantastic
1495,0.12991796565384875,fager
1496,0.12991796565384875,md
1497,0.12991796565384875,ocean
1498,0.12991796565384875,stream
1499,0.13017015623913913,home
1500,0.1305048415265253,youtube
1501,0.13063739422193335,cleaner
1502,0.13090246239919923,council
1503,0.13090246239919923,envoys
1504,0.13090246239919923,relocate
1505,0.13090246239919923,security
1506,0.1310223798565318,share
1507,0.13128591224322997,idea
1508,0.13128591224322997,mrspantsworth
1509,0.13128591224322997,torchcam
1510,0.13135704490649872,buzzfeed
1511,0.13173492281718105,scene
1512,0.13173492281718105,situation
1513,0.13220336991846188,approval
1514,0.13220336991846188,fanniemae
1515,0.13220336991846188,forbearance
1516,0.13220336991846188,grant
1517,0.13220336991846188,mortgage
1518,0.13220336991846188,servicers
1519,0.13244263448834664,minute
1520,0.13244263448834664,walk
1521,0.13265995725253096,prompt
1522,0.13275328310763115,nothing
1523,0.13277452822321795,deploy
1524,0.13277452822321795,mgh
1525,0.13277452822321795,staff
1526,0.1330387486175419,retweet
1527,0.13356466938645542,challenge
1528,0.13356466938645542,grid
1529,0.13359549316438174,takeaway
1530,0.13364426014099612,balasan
1531,0.13364426014099612,hmm
1532,0.13364426014099612,kot
1533,0.13364426014099612,muslims
1534,0.13364426014099612,sbb
1535,0.13364426014099612,tuhan
1536,0.13406203977796494,authentic
1537,0.13406203977796494,circulate
1538,0.13406203977796494,online
1539,0.1341510657584797,former
1540,0.1341510657584797,stuff
1541,0.13459281191893682,assault
1542,0.13476882011626132,boston
1543,0.13476882011626132,eastcoast
1544,0.13476882011626132,main
1545,0.13482583849534382,jetski
1546,0.13502088986060076,count
1547,0.13505469082638416,origin
1548,0.13505469082638416,preps
1549,0.1350989590025866,budgettravel
1550,0.13568515461334255,morning
1551,0.1357325099351799,blood
1552,0.1357325099351799,excitement
1553,0.1357325099351799,forget
1554,0.13617999411380083,graphic
1555,0.13617999411380083,outstanding
1556,0.13641281790480161,train
1557,0.13642969521100967,americablog
1558,0.13642969521100967,phony
1559,0.13642969521100967,rally
1560,0.1372044364603076,kid
1561,0.137336437116557,construction
1562,0.13750273463767154,wednesday
1563,0.13777736227252207,possibly
1564,0.1378533317586545,ft
1565,0.13846962444719293,boardwalk
1566,0.13848535293585146,disasters
1567,0.13848535293585146,infrastructure
1568,0.13848535293585146,natural
1569,0.13901355822208128,gusting
1570,0.1397279239769179,evacuations
1571,0.1397279239769179,mandatory
1572,0.1397987795220372,worth
1573,0.13998940757692555,coasters
1574,0.13998940757692555,nzstuff
1575,0.14001253885340992,brief
1576,0.14049629299963218,improvement
1577,0.14060834219500548,square
1578,0.14080371455575047,apartment
1579,0.14080371455575047,preparation
1580,0.14080371455575047,riverside
1581,0.14080371455575047,uws
1582,0.14086525789871043,nytimes
1583,0.1410709017694342,bull
1584,0.1410709017694342,demur
1585,0.1410709017694342,founder
1586,0.1410709017694342,hafiz
1587,0.1410709017694342,saeed
1588,0.14139626811281902,frischkopp
1589,0.14139626811281902,heftig
1590,0.14139626811281902,shock
1591,0.14139626811281902,wahnsinn
1592,0.1421133236708184,may
1593,0.1421302912618922,incredible
1594,0.14227249156973687,prowl
1595,0.14227249156973687,satellite
1596,0.14276079246490955,cell
1597,0.14309378195904876,gust
1598,0.14309378195904876,short
1599,0.14325252038469913,trip
1600,0.1432816872941228,andrews
1601,0.1432816872941228,beachfront
1602,0.1432816872941228,belong
1603,0.1432816872941228,remove
1604,0.1432816872941228,sift
1605,0.1432816872941228,th
1606,0.14358119396719735,heartbreaking
1607,0.14465696912610482,cnn_oppmann
1608,0.14465696912610482,cuba
1609,0.14465696912610482,pour
1610,0.14465696912610482,santiago
1611,0.14490826510347876,charlotte
1612,0.14490826510347876,ellen
1613,0.14490826510347876,twitbreak
1614,0.1452695968739216,crush
1615,0.14596019830047174,aquarium
1616,0.14596019830047174,leeannderthol
1617,0.14682597917811052,red
1618,0.14709162037437537,burma
1619,0.14709162037437537,international
1620,0.14709162037437537,nargis
1621,0.14726677317093523,sto
1622,0.1476373421713417,cdnpse
1623,0.1476373421713417,difference
1624,0.1476373421713417,globeandmail
1625,0.1476373421713417,grad
1626,0.1476373421713417,story
1627,0.1476373421713417,student
1628,0.1476373421713417,wonderful
1629,0.1476373421713417,yorkpride
1630,0.1476373421713417,yorku
1631,0.14790766843482728,optimistic
1632,0.14800509965327463,chicago
1633,0.14800509965327463,mammoth
1634,0.14800509965327463,maryland
1635,0.14800509965327463,offbeat
1636,0.1481028822691555,caution
1637,0.1481028822691555,poll
1638,0.1481028822691555,reaction
1639,0.1481028822691555,suggest
1640,0.1481028822691555,understate
1641,0.1485252215292092,hurrica
1642,0.1485252215292092,reschedule
1643,0.1485252215292092,summit
1644,0.14871984781215028,louder
1645,0.14884342615274368,satalite
1646,0.14887166535605467,alternate
1647,0.14887166535605467,citywide
1648,0.14887166535605467,meter
1649,0.14887166535605467,regulations
1650,0.14887166535605467,suspend
1651,0.14922885826092994,forbestech
1652,0.14922885826092994,le
1653,0.14922885826092994,misinformation
1654,0.14925737014482263,hold
1655,0.14950956915420724,essentially
1656,0.14950956915420724,unreal
1657,0.1497833277889763,street
1658,0.149788222452755,extensive
1659,0.15020362872725765,nice
1660,0.1504224783137425,national
1661,0.15052267127836438,cop
1662,0.15125245669048348,batteries
1663,0.15125245669048348,flashlights
1664,0.15125245669048348,hicks
1665,0.15125245669048348,redhook
1666,0.15176799248576747,loom
1667,0.15176799248576747,menace
1668,0.15233777447061594,banshee
1669,0.15233777447061594,govt
1670,0.15233777447061594,howl
1671,0.1533229549203386,ditmas
1672,0.1533229549203386,jessie
1673,0.15353987504754307,pass
1674,0.15372464098513122,door
1675,0.15372464098513122,fix
1676,0.15372464098513122,hinge
1677,0.15382391608734916,interactive
1678,0.15382391608734916,pinpoint
1679,0.15394553963828073,cable
1680,0.15394553963828073,electrical
1681,0.15394553963828073,trampoline
1682,0.15440220296659488,patients
1683,0.15458147719423676,theribman
1684,0.15458147719423676,webcam
1685,0.1547293549006886,tomboftheunknownsoldier
1686,0.15477028409263852,clothe
1687,0.15477028409263852,furniture
1688,0.15477028409263852,severely
1689,0.1554806201688843,frighten
1690,0.1554806201688843,radar
1691,0.15579417922452202,anger
1692,0.1558944712411811,descend
1693,0.1558944712411811,previous
1694,0.1558944712411811,technically
1695,0.1558944712411811,upon
1696,0.15610271143194202,evacuate
1697,0.1562234176206025,social
1698,0.15629479741539123,country
1699,0.15629479741539123,decimate
1700,0.1568904325175592,clean
1701,0.1568904325175592,mold
1702,0.1568904325175592,prevent
1703,0.15815547575677397,exchange
1704,0.158586999691922,foolhq
1705,0.158586999691922,meanwhile
1706,0.1590151257220421,currently
1707,0.159439790703862,eat
1708,0.15972387867274684,konbini
1709,0.15989244856447696,high
1710,0.16065763384683338,yet
1711,0.16069402698116958,document
1712,0.16069402698116958,historical
1713,0.1611411309506097,alarabiya
1714,0.1611411309506097,trail
1715,0.1614401097278985,coverage
1716,0.16153067538650595,overall
1717,0.1619030566757651,land
1718,0.16241137387131063,enormous
1719,0.16241137387131063,militant
1720,0.16241137387131063,pledge
1721,0.16269040506243007,declare
1722,0.16294446422450817,night
1723,0.16312985404774316,facebook
1724,0.1632323540797292,do
1725,0.1632323540797292,highways
1726,0.16328900317776068,reader
1727,0.16361939050973676,become
1728,0.16386931761772044,evac
1729,0.16405393009348346,restore
1730,0.16405393009348346,toronto
1731,0.1646935810726343,second
1732,0.1648288085841793,explain
1733,0.1648288085841793,huffpost
1734,0.1648288085841793,vertical
1735,0.16533187976954514,cause
1736,0.16559366574555479,injure
1737,0.16562981518105407,oremus
1738,0.16562981518105407,sla
1739,0.16644997315289492,condo
1740,0.16644997315289492,crumple
1741,0.16644997315289492,glitziest
1742,0.16644997315289492,wsjny
1743,0.16792561782413148,double
1744,0.16856256595278024,bag
1745,0.16856256595278024,dristict
1746,0.16856256595278024,meatpacking
1747,0.16856256595278024,sand
1748,0.16865877833760068,likely
1749,0.16931321593041207,servers
1750,0.16931321593041207,strain
1751,0.16931321593041207,users
1752,0.17021697347227732,truck
1753,0.1703635111316375,mins
1754,0.1707426688413808,author
1755,0.1707426688413808,subject
1756,0.1707426688413808,voice
1757,0.17173596461204388,avail
1758,0.17183688860591753,miracle
1759,0.17185628855810067,dashboard
1760,0.17185628855810067,graph
1761,0.17185628855810067,melanarchy
1762,0.17196885731015052,progress
1763,0.17238800922553962,tv
1764,0.1725148454566896,give
1765,0.17255501093443879,las
1766,0.17255501093443879,totallycoolpix
1767,0.1725681577364253,nhsandy
1768,0.17277344235054312,friendshipcirc
1769,0.17277344235054312,kiddies
1770,0.17279646344674435,receive
1771,0.17279646344674435,ticket
1772,0.17338826901316393,aspca
1773,0.17408184577645683,source
1774,0.17424153922853888,keepin
1775,0.17424153922853888,roads
1776,0.17424153922853888,smooth
1777,0.17490743323506136,schol
1778,0.17490743323506136,tomoro
1779,0.17490743323506136,weak
1780,0.17539049713122062,howard
1781,0.1764194170670035,downtown
1782,0.17734483761846567,kateesackhoff
1783,0.17734483761846567,lady
1784,0.17734483761846567,vs
1785,0.1774385214436121,inside
1786,0.1779427555214649,run
1787,0.17819670617800423,crop
1788,0.17910915525122797,macho
1789,0.17910915525122797,mayorbloomberg
1790,0.17910915525122797,relax
1791,0.179519437812859,nhc_atlantic
1792,0.179519437812859,south
1793,0.1802076432798399,lifetimes
1794,0.18065218944711023,broadcast
1795,0.18065218944711023,carole
1796,0.18065218944711023,prideofbritain
1797,0.18065218944711023,vordeman
1798,0.18134258974517325,cuomo
1799,0.18150483719391688,comfort
1800,0.18150483719391688,simultaneously
1801,0.18304316057777203,information
1802,0.18426421649450425,unaffected
1803,0.18434624229937965,billion
1804,0.18434624229937965,insure
1805,0.18434624229937965,losses
1806,0.18507986929579162,secure
1807,0.18633272061399192,office
1808,0.18655716762290117,hand
1809,0.18655716762290117,lend
1810,0.18696773694817703,reach
1811,0.1878735336295131,friendly
1812,0.18842324946290934,honor
1813,0.18842324946290934,speechless
1814,0.18842324946290934,unknowns
1815,0.18935380084870004,huge
1816,0.19000372670205876,tues
1817,0.19000372670205876,weston
1818,0.1901672043521397,conference
1819,0.1901672043521397,press
1820,0.19018746307565446,strand
1821,0.1907376199097608,nuke
1822,0.19093272919404808,nasa
1823,0.19165520087523744,starbucks
1824,0.19306359722049715,army
1825,0.19306359722049715,boot
1826,0.19306359722049715,camp
1827,0.19306359722049715,graduation
1828,0.19306359722049715,socal
1829,0.19371882740625618,jetskier
1830,0.19371882740625618,opieradio
1831,0.19371882740625618,vid
1832,0.19382184934851834,deadly
1833,0.1948848749808147,efforts
1834,0.1948848749808147,yankees
1835,0.1953909640430452,westvillage
1836,0.1954539788886412,nytmetro
1837,0.195497469204974,ear
1838,0.195497469204974,eaterny
1839,0.195497469204974,play
1840,0.195497469204974,prop
1841,0.195497469204974,restos
1842,0.19571337153921325,adventure
1843,0.19582467618325988,threaten
1844,0.1973292220248192,adage
1845,0.1973292220248192,adland
1846,0.19749558752643598,develop
1847,0.19787964751819576,comin
1848,0.19808989616525072,gov
1849,0.19863975886593535,case
1850,0.19867272991119925,tab
1851,0.19907630332116116,miles
1852,0.19907630332116116,sandynj
1853,0.19907630332116116,swell
1854,0.199727223244563,word
1855,0.2004986734910811,cloud
1856,0.20213821541130955,wsj
1857,0.20296057599677866,biggest
1858,0.20454486772807762,fall
1859,0.20511929877205184,put
1860,0.20511929877205184,spotlight
1861,0.20511929877205184,storage
1862,0.20555177016919202,behind
1863,0.20655588542959133,parkslope
1864,0.20741272714263945,scary
1865,0.20751692208341815,click
1866,0.2075962322607046,federal
1867,0.2075962322607046,government
1868,0.2082079970165137,across
1869,0.20839539562445586,topic
1870,0.20839719070687202,unbelievable
1871,0.20857731622840328,frankestorm
1872,0.20857731622840328,toward
1873,0.20893993797983382,chairman
1874,0.20893993797983382,connect
1875,0.20911052052385126,network
1876,0.2093321601403265,boat
1877,0.2093321601403265,ossining
1878,0.20933792728502273,pahodisasters
1879,0.20950868500912512,koch
1880,0.20955673674147413,onto
1881,0.20955673674147413,tanker
1882,0.21104421266534107,reel
1883,0.21115862030427396,within
1884,0.21143990309366203,university
1885,0.2124516343864384,police
1886,0.21311438267004168,broadway
1887,0.21311438267004168,performances
1888,0.21425921558234184,thereal_edwardc
1889,0.21509643796170227,texting
1890,0.21544215422531382,instead
1891,0.21630337177580244,nyceditor
1892,0.21646918640851887,side
1893,0.21679690991459039,history
1894,0.21773500922565944,de
1895,0.21808746579393448,eastern
1896,0.22009912863111877,carribean
1897,0.22020838219674685,severe
1898,0.2211103637173866,chasin_dayton
1899,0.2211103637173866,lsulliivan
1900,0.22142632793326716,connecticut
1901,0.22170505835949084,mashable
1902,0.2217895412169087,road
1903,0.2221932818658583,impressive
1904,0.2221932818658583,videos
1905,0.22230240122509137,criticize
1906,0.22230240122509137,director
1907,0.22254437809161848,woo
1908,0.22326943584349684,nightmare
1909,0.2239321910073223,un
1910,0.22427116823012946,deliver
1911,0.22441840950469455,outages
1912,0.22450929099065803,startups
1913,0.2246063836536363,gusts
1914,0.2249734407895078,science
1915,0.2253876129786635,mike
1916,0.22575513534233094,ever
1917,0.22701551034334105,solution
1918,0.22701551034334105,soup
1919,0.2270609366035929,continue
1920,0.22813459703052805,jet
1921,0.22813459703052805,ski
1922,0.22828479159800222,debris
1923,0.22976391556157627,map
1924,0.2306479059682395,empire
1925,0.23142422000862362,arrive
1926,0.23142422000862362,barackobama
1927,0.23142422000862362,inspect
1928,0.2318297773659293,arrival
1929,0.2318624788803157,scenes
1930,0.23207825847124708,bellevue
1931,0.2332945906061248,pakistan
1932,0.23398059120808526,wsjweather
1933,0.2359051184828597,fail
1934,0.23663353147538296,wake
1935,0.23705402435830578,limit
1936,0.2375558116982271,employees
1937,0.2377402594493572,webcams
1938,0.23791145183718324,problem
1939,0.2381563106268619,footage
1940,0.23882096662096372,otherkin
1941,0.23882096662096372,tail
1942,0.2396003414487597,yes
1943,0.24139501313566086,kitchen
1944,0.24187575845852438,sesame
1945,0.24258485312208147,gta
1946,0.24292002328017628,attack
1947,0.24292002328017628,mobilize
1948,0.24437886090726593,best
1949,0.24554561457336319,lot
1950,0.24633861244942648,record
1951,0.24646192596321323,thousands
1952,0.24663660070484175,brace
1953,0.24734402012535192,highest
1954,0.24768323186175217,airport
1955,0.2480880570058002,believethat
1956,0.2480880570058002,ohhh
1957,0.25022888901291945,top
1958,0.25032615416473775,safely
1959,0.25343389807441213,along
1960,0.2542049295317184,advise
1961,0.2542049295317184,immediately
1962,0.25582748222663665,remnants
1963,0.25619236872596723,rainbow
1964,0.25667495663217743,ifwt
1965,0.2572399361325915,ta
1966,0.2578569053635433,closest
1967,0.25883612990309857,accept
1968,0.25896166449943203,faucet
1969,0.25914485554557565,less
1970,0.26240903710562413,holy
1971,0.26316815212969236,immediate
1972,0.26316815212969236,nearest
1973,0.26316815212969236,options
1974,0.26346794223586706,bounty
1975,0.2637615879719559,ashore
1976,0.264871232739002,hundreds
1977,0.2656475699539096,leave
1978,0.2660051903521648,sun
1979,0.26619968536928085,ghosttown
1980,0.2664009442924833,include
1981,0.2667389988091643,collection
1982,0.26782963601725907,airports
1983,0.26793118615280137,peter
1984,0.2683400653172809,newyorkcity
1985,0.2688475048004685,five
1986,0.2691314213721137,check
1987,0.27019317186116926,dramatic
1988,0.2701979180051732,airline
1989,0.2705260413378484,start
1990,0.27173701773338443,plant
1991,0.27194403892574875,unknown
1992,0.27325004134845354,postpone
1993,0.27594811556414617,tech
1994,0.27594936382324736,nypd
1995,0.2759773227308359,observe
1996,0.27614116685872375,already
1997,0.2764931853100398,market
1998,0.2774596105422983,eerily
1999,0.27769953784575646,fire
2000,0.278136585380836,cumberland
2001,0.27853192869981525,transit
2002,0.2791563978636682,pm
2003,0.28168494226288415,stand
2004,0.2818588868249663,sharethis
2005,0.2827132006913566,pic
2006,0.28432307849240984,funny
2007,0.28484647275722963,schedule
2008,0.28717708029979927,sandypets
2009,0.2876148646153892,moment
2010,0.28866048070453415,flight
2011,0.28985772537223353,next
2012,0.2905416070036187,weird
2013,0.291753844263177,soho
2014,0.291753844263177,xhank
2015,0.29268240405802426,ohman
2016,0.293037773536406,children
2017,0.293927838044908,unfold
2018,0.295230035571294,job
2019,0.29626496344939013,region
2020,0.29629846206727584,occupywallstreet
2021,0.29743969562430056,closer
2022,0.2975093845078463,resume
2023,0.30123094996047345,central
2024,0.3013456590934787,store
2025,0.30167919413940264,slam
2026,0.30173676275674755,november
2027,0.3045336147009446,usa
2028,0.3050660472756933,latest
2029,0.3066044883626654,create
2030,0.30704011088010646,shots
2031,0.30841611481980075,down
2032,0.3088632835003912,wave
2033,0.3093420677222144,food
2034,0.31003515507147705,instagram
2035,0.3113551561097422,abandon
2036,0.3113551561097422,though
2037,0.31311641356382847,recovery
2038,0.31336124699339096,say
2039,0.31387021097757845,damn
2040,0.3145397680361432,please
2041,0.3163641234891769,ed
2042,0.31679362524313803,upload
2043,0.31713990642207207,death
2044,0.3173565095802408,shape
2045,0.3177235545326853,mph
2046,0.3178739460048897,eery
2047,0.31833766639111216,cluster
2048,0.3188315544944558,nyu
2049,0.32271036395988223,number
2050,0.3239735568363112,blizzard
2051,0.3255709727426019,windows
2052,0.32656683601232483,intense
2053,0.32696375088993923,democracynow
2054,0.32722071841821804,near
2055,0.3279127402822171,respect
2056,0.3290405273179947,locations
2057,0.3290476568803948,aid
2058,0.3294690517168919,surround
2059,0.3300364847455447,governor
2060,0.33086151440294875,milford
2061,0.3330863543141024,unleash
2062,0.33355497118508526,southern
2063,0.3342317794453886,liveblog
2064,0.33543248268736653,seem
2065,0.3365481977353115,pick
2066,0.3381540629722716,staten
2067,0.33829780388693514,hours
2068,0.33864244870576593,millions
2069,0.33941377425927705,full
2070,0.3399227202628744,president
2071,0.34173353538015844,advance
2072,0.3420289223834496,prepare
2073,0.3435026344494336,island
2074,0.3437218025011556,total
2075,0.3456303900586652,zone
2076,0.34592619997611296,manhattan
2077,0.3478593096383036,websites
2078,0.3499981122761438,locate
2079,0.35075682275967457,speed
2080,0.35156112293782127,first
2081,0.3572149202962859,sleep
2082,0.35870472720200536,station
2083,0.3589581774491055,traffic
2084,0.3599242010862978,google
2085,0.3604105349122098,bbc
2086,0.36279157310478044,confirm
2087,0.3654544155379743,couple
2088,0.3659635650003792,fury
2089,0.3678595539129984,impact
2090,0.36842181957749504,media
2091,0.3710059241136389,virginia
2092,0.37185399500500915,link
2093,0.3730690854792025,system
2094,0.37789730447143993,global
2095,0.37789730447143993,warm
2096,0.37812027236912477,ominous
2097,0.3804643579030026,detail
2098,0.38049558175688414,ap
2099,0.3813908915625406,shark
2100,0.3813908915625406,swim
2101,0.38265265363323,residents
2102,0.3879192928954112,help
2103,0.38815452303786596,public
2104,0.3887244660908103,place
2105,0.3890441319774237,track
2106,0.3904697611295798,website
2107,0.3955600694812938,subways
2108,0.3962753353548814,reopen
2109,0.39887868070588095,west
2110,0.40130836381464585,lower
2111,0.40150634063090634,hudson
2112,0.40217582766215,relief
2113,0.403288139710019,queen
2114,0.40720401445541765,remain
2115,0.4106402132236441,effect
2116,0.41209615082015727,surge
2117,0.4144371582805072,due
2118,0.4175962572774719,experts
2119,0.4185967639229334,worst
2120,0.4244754101912868,hurricance
2121,0.42587938232014066,jfk
2122,0.4294776302730003,crazy
2123,0.4303726243456919,wow
2124,0.43444957136991313,northeast
2125,0.440395177460291,problems
2126,0.44232052116963966,disaster
2127,0.4446231134497261,dark
2128,0.44751368826396776,mitt
2129,0.4478211475938768,visit
2130,0.4487570508653292,emergency
2131,0.44898985374400846,shin
2132,0.44975911872191127,empty
2133,0.4501581526532641,alert
2134,0.45333709069735284,teach
2135,0.45508993173680545,statue
2136,0.45850356687611465,drive
2137,0.45924975959649983,donation
2138,0.45977629810296994,north
2139,0.46139607457858245,dangle
2140,0.46228162173576415,soldier
2141,0.4706813172203217,bridge
2142,0.4735571860291239,guard
2143,0.47596126206820555,hospital
2144,0.4783924552524041,tuesday
2145,0.48139775529053996,redcross
2146,0.4842309235841378,shut
2147,0.48891838163885004,landfall
2148,0.49193168835464995,days
2149,0.49321844961636085,dead
2150,0.4964916907602644,photo
2151,0.49767456207213673,keep
2152,0.4986834321887511,data
2153,0.5072412948337214,timelapse
2154,0.5077499160206199,recover
2155,0.5114903587301223,mta
2156,0.5140276685165202,stock
2157,0.5194615738506685,abc
2158,0.5235303230331172,two
2159,0.5245344200769836,video
2160,0.5256513428399813,con
2161,0.5259708985882101,toll
2162,0.5270834502548827,image
2163,0.5369540314541357,throughout
2164,0.5376549239158103,frankenstorm
2165,0.5382614208155224,approach
2166,0.5515553644451141,firefighters
2167,0.5607877906945592,superstorm
2168,0.5627559837359659,mt
2169,0.5665525494982828,condition
2170,0.5682229501367108,million
2171,0.5705260522066491,watch
2172,0.5711212790901827,text
2173,0.5736187732284821,things
2174,0.5753899527591847,dangerous
2175,0.5867707695321367,yorkers
2176,0.5887635145280891,set
2177,0.5912032503908486,open
2178,0.5913203727723156,pet
2179,0.5918361563665959,areas
2180,0.5938057125063475,romney
2181,0.6052858386509731,battery
2182,0.6098701896643476,liberty
2183,0.611547046557123,response
2184,0.6216435656009056,tomb
2185,0.6331809242613757,donate
2186,0.6351195606523905,tunnel
2187,0.6387289666925071,atlantic
2188,0.6493365105677672,customers
2189,0.6583375284684074,space
2190,0.6676969943802585,update
2191,0.6736869912944171,cnn
2192,0.6783947386376376,city
2193,0.6849637014114943,live
2194,0.696567074905208,hurricanesandy
2195,0.7058337353450866,nj
2196,0.7063030000060104,state
2197,0.7135520238420494,amaze
2198,0.7153114792554908,st
2199,0.7168066474984226,jersey
2200,0.7318253320724902,internet
2201,0.7384398232189471,volunteer
2202,0.7467996002383841,evacuation
2203,0.7492545675106053,obama
2204,0.7528698870149654,subway
2205,0.7649285117030463,without
2206,0.7738186678957489,kill
2207,0.7807724199912122,info
2208,0.8036925578936729,york
2209,0.8054287148703327,far
2210,0.8075202408000685,photos
2211,0.8440880013210961,damage
2212,0.851708616706079,fema
2213,0.8916326247920173,report
2214,0.914737166645354,aftermath
2215,0.915021424174435,haiti
2216,0.9300143472845422,water
2217,0.9305805600886022,look
2218,0.9320655776080095,park
2219,0.9349228760715004,crane
2220,0.9669509553913703,power
2221,0.9673210019968329,storm
2222,0.9787414820373793,deaths
2223,1.0279788092952962,least
2224,1.0547593602342564,collapse
2225,1.0796376321484382,build
2226,1.1462446250111902,break
2227,1.1703055455344302,news
2228,1.2178693357930408,mayor
2229,1.2362957276697177,bloomberg
2230,1.2870682571237693,shelter
2231,1.3365231555854746,rt
2232,1.384599207180722,wind
2233,1.4056971687770017,new
2234,1.5726654850206774,flood
2235,1.692275061685123,close
2236,1.6931267230591498,via
2237,2.4678783731676686,nyc
